File,Nalign,NT
3-2-12-1_CAGATC.bam,6796927,670864896
3-2-12-3_ACTTGA.bam,7328431,723395224
3-2-12-6_GATCAG.bam,9929062,980234285
3-2-124C10_AGTTCC.bam,8032655,792890880
3-2-124C16_ATGTCA.bam,7738717,763592394
3-2-124C2_AGTCAA.bam,4966734,490622042
BD-21-3_ACAGTG.bam,7966232,786943397
BD-21-5_GCCAAT.bam,4990517,492308079
BD21-1_TGACCA.bam,3154112,311430194
BD214C-2_TAGCTT.bam,2349724,231787504
BD214C-4_GGCTAC.bam,6694329,661437386
BD214C-6_CTTGTA.bam,2592182,255912600
Bri-57-1_GTCCGC.bam,8526270,839455930
CB_CCGTCC.bam,5247604,517525071
